k,inertia,silhouette,davies_bouldin
2,92820.30258833634,0.27205124167976413,1.5201445020532778
3,69468.78303340437,0.30744524218108765,1.1927301588382664
4,54782.03797870184,0.33008899975755784,1.048183824016651
5,45209.615703404306,0.3316367116982079,0.968291111005278
6,38068.87543066862,0.35994487576071993,0.9149291946981029
7,34538.96842780241,0.3458462319450923,0.958022042466735
8,31259.194331111492,0.3371419253471423,0.9587667176011663
