Model,MAE,RMSE,R2,MAPE,best_params
LinearRegression,3.2647291585753044,4.275338608301664,0.8206952895543724,14.727404020165725,
RandomForest,2.9433726170715855,3.982456196670038,0.8444203891628677,12.846792782945283,"{'max_depth': 10, 'min_samples_split': 2, 'n_estimators': 200}"
XGBoost,2.926101471775779,3.9337250082877455,0.8482045831801326,12.759456321519805,"{'learning_rate': 0.05, 'max_depth': 5, 'n_estimators': 300, 'subsample': 0.8}"
GradientBoosting,2.922839805240693,3.9235811047412756,0.8489864439984639,12.747581223475498,"{'learning_rate': 0.05, 'max_depth': 5, 'n_estimators': 200}"
